구분,연령,피해자 수
중부 살인,남자6세이하,0
중부 살인,남자12세이하,0
중부 살인,남자15세이하,0
중부 살인,남자18세이하,0
중부 살인,남자19세,0
중부 살인,남자20세,0
중부 살인,남자30세이하,1
중부 살인,남자40세이하,0
중부 살인,남자50세이하,1
중부 살인,남자60세이하,0
중부 살인,남자64세이하,0
중부 살인,남자65세이상,0
중부 살인,미상,0
중부 살인,여자6세이하,0
중부 살인,여자12세이하,0
중부 살인,여자15세이하,0
중부 살인,여자18세이하,0
중부 살인,여자19세,0
중부 살인,여자20세,0
중부 살인,여자30세이하,0
중부 살인,여자40세이하,0
중부 살인,여자50세이하,0
중부 살인,여자60세이하,0
중부 살인,여자64세이하,0
중부 살인,여자65세이상,1
중부 살인,미상,0
중부 폭력,남자6세이하,0
중부 폭력,남자12세이하,2
중부 폭력,남자15세이하,0
중부 폭력,남자18세이하,7
중부 폭력,남자19세,2
중부 폭력,남자20세,4
중부 폭력,남자30세이하,102
중부 폭력,남자40세이하,113
중부 폭력,남자50세이하,142
중부 폭력,남자60세이하,115
중부 폭력,남자64세이하,46
중부 폭력,남자65세이상,75
중부 폭력,미상,0
중부 폭력,여자6세이하,0
중부 폭력,여자12세이하,0
중부 폭력,여자15세이하,2
중부 폭력,여자18세이하,3
중부 폭력,여자19세,2
중부 폭력,여자20세,2
중부 폭력,여자30세이하,73
중부 폭력,여자40세이하,48
중부 폭력,여자50세이하,29
중부 폭력,여자60세이하,39
중부 폭력,여자64세이하,19
중부 폭력,여자65세이상,31
중부 폭력,미상,1
종로 살인,남자6세이하,0
종로 살인,남자12세이하,0
종로 살인,남자15세이하,0
종로 살인,남자18세이하,0
종로 살인,남자19세,0
종로 살인,남자20세,0
종로 살인,남자30세이하,0
종로 살인,남자40세이하,0
종로 살인,남자50세이하,0
종로 살인,남자60세이하,1
종로 살인,남자64세이하,0
종로 살인,남자65세이상,0
종로 살인,미상,0
종로 살인,여자6세이하,0
종로 살인,여자12세이하,0
종로 살인,여자15세이하,0
종로 살인,여자18세이하,0
종로 살인,여자19세,0
종로 살인,여자20세,0
종로 살인,여자30세이하,0
종로 살인,여자40세이하,0
종로 살인,여자50세이하,0
종로 살인,여자60세이하,0
종로 살인,여자64세이하,0
종로 살인,여자65세이상,0
종로 살인,미상,0
종로 폭력,남자6세이하,1
종로 폭력,남자12세이하,0
종로 폭력,남자15세이하,1
종로 폭력,남자18세이하,3
종로 폭력,남자19세,1
종로 폭력,남자20세,2
종로 폭력,남자30세이하,105
종로 폭력,남자40세이하,124
종로 폭력,남자50세이하,79
종로 폭력,남자60세이하,103
종로 폭력,남자64세이하,37
종로 폭력,남자65세이상,100
종로 폭력,미상,7
종로 폭력,여자6세이하,0
종로 폭력,여자12세이하,0
종로 폭력,여자15세이하,0
종로 폭력,여자18세이하,2
종로 폭력,여자19세,0
종로 폭력,여자20세,0
종로 폭력,여자30세이하,28
종로 폭력,여자40세이하,30
종로 폭력,여자50세이하,40
종로 폭력,여자60세이하,38
종로 폭력,여자64세이하,17
종로 폭력,여자65세이상,46
종로 폭력,미상,4
남대문 살인,남자6세이하,0
남대문 살인,남자12세이하,0
남대문 살인,남자15세이하,0
남대문 살인,남자18세이하,0
남대문 살인,남자19세,0
남대문 살인,남자20세,0
남대문 살인,남자30세이하,0
남대문 살인,남자40세이하,0
남대문 살인,남자50세이하,0
남대문 살인,남자60세이하,0
남대문 살인,남자64세이하,1
남대문 살인,남자65세이상,0
남대문 살인,미상,0
남대문 살인,여자6세이하,0
남대문 살인,여자12세이하,0
남대문 살인,여자15세이하,0
남대문 살인,여자18세이하,0
남대문 살인,여자19세,0
남대문 살인,여자20세,0
남대문 살인,여자30세이하,0
남대문 살인,여자40세이하,0
남대문 살인,여자50세이하,0
남대문 살인,여자60세이하,0
남대문 살인,여자64세이하,1
남대문 살인,여자65세이상,0
남대문 살인,미상,0
남대문 폭력,남자6세이하,1
남대문 폭력,남자12세이하,0
남대문 폭력,남자15세이하,1
남대문 폭력,남자18세이하,1
남대문 폭력,남자19세,3
남대문 폭력,남자20세,2
남대문 폭력,남자30세이하,31
남대문 폭력,남자40세이하,64
남대문 폭력,남자50세이하,76
남대문 폭력,남자60세이하,83
남대문 폭력,남자64세이하,19
남대문 폭력,남자65세이상,60
남대문 폭력,미상,1
남대문 폭력,여자6세이하,2
남대문 폭력,여자12세이하,1
남대문 폭력,여자15세이하,0
남대문 폭력,여자18세이하,0
남대문 폭력,여자19세,1
남대문 폭력,여자20세,1
남대문 폭력,여자30세이하,21
남대문 폭력,여자40세이하,32
남대문 폭력,여자50세이하,23
남대문 폭력,여자60세이하,22
남대문 폭력,여자64세이하,4
남대문 폭력,여자65세이상,23
남대문 폭력,미상,1
서대문 살인,남자6세이하,0
서대문 살인,남자12세이하,0
서대문 살인,남자15세이하,0
서대문 살인,남자18세이하,0
서대문 살인,남자19세,0
서대문 살인,남자20세,0
서대문 살인,남자30세이하,1
서대문 살인,남자40세이하,0
서대문 살인,남자50세이하,0
서대문 살인,남자60세이하,0
서대문 살인,남자64세이하,0
서대문 살인,남자65세이상,1
서대문 살인,미상,0
서대문 살인,여자6세이하,0
서대문 살인,여자12세이하,0
서대문 살인,여자15세이하,0
서대문 살인,여자18세이하,0
서대문 살인,여자19세,0
서대문 살인,여자20세,0
서대문 살인,여자30세이하,1
서대문 살인,여자40세이하,0
서대문 살인,여자50세이하,0
서대문 살인,여자60세이하,0
서대문 살인,여자64세이하,0
서대문 살인,여자65세이상,0
서대문 살인,미상,0
서대문 폭력,남자6세이하,1
서대문 폭력,남자12세이하,2
서대문 폭력,남자15세이하,4
서대문 폭력,남자18세이하,12
서대문 폭력,남자19세,12
서대문 폭력,남자20세,5
서대문 폭력,남자30세이하,110
서대문 폭력,남자40세이하,97
서대문 폭력,남자50세이하,85
서대문 폭력,남자60세이하,89
서대문 폭력,남자64세이하,48
서대문 폭력,남자65세이상,90
서대문 폭력,미상,0
서대문 폭력,여자6세이하,1
서대문 폭력,여자12세이하,1
서대문 폭력,여자15세이하,0
서대문 폭력,여자18세이하,5
서대문 폭력,여자19세,6
서대문 폭력,여자20세,6
서대문 폭력,여자30세이하,79
서대문 폭력,여자40세이하,51
서대문 폭력,여자50세이하,61
서대문 폭력,여자60세이하,55
서대문 폭력,여자64세이하,21
서대문 폭력,여자65세이상,48
서대문 폭력,미상,2
혜화 살인,남자6세이하,0
혜화 살인,남자12세이하,0
혜화 살인,남자15세이하,0
혜화 살인,남자18세이하,0
혜화 살인,남자19세,0
혜화 살인,남자20세,0
혜화 살인,남자30세이하,0
혜화 살인,남자40세이하,0
혜화 살인,남자50세이하,0
혜화 살인,남자60세이하,0
혜화 살인,남자64세이하,0
혜화 살인,남자65세이상,0
혜화 살인,미상,0
혜화 살인,여자6세이하,0
혜화 살인,여자12세이하,0
혜화 살인,여자15세이하,0
혜화 살인,여자18세이하,0
혜화 살인,여자19세,0
혜화 살인,여자20세,1
혜화 살인,여자30세이하,0
혜화 살인,여자40세이하,0
혜화 살인,여자50세이하,0
혜화 살인,여자60세이하,0
혜화 살인,여자64세이하,0
혜화 살인,여자65세이상,0
혜화 살인,미상,0
혜화 폭력,남자6세이하,0
혜화 폭력,남자12세이하,2
혜화 폭력,남자15세이하,1
혜화 폭력,남자18세이하,6
혜화 폭력,남자19세,1
혜화 폭력,남자20세,1
혜화 폭력,남자30세이하,54
혜화 폭력,남자40세이하,66
혜화 폭력,남자50세이하,64
혜화 폭력,남자60세이하,90
혜화 폭력,남자64세이하,52
혜화 폭력,남자65세이상,74
혜화 폭력,미상,4
혜화 폭력,여자6세이하,0
혜화 폭력,여자12세이하,0
혜화 폭력,여자15세이하,1
혜화 폭력,여자18세이하,0
혜화 폭력,여자19세,1
혜화 폭력,여자20세,1
혜화 폭력,여자30세이하,24
혜화 폭력,여자40세이하,30
혜화 폭력,여자50세이하,29
혜화 폭력,여자60세이하,31
혜화 폭력,여자64세이하,8
혜화 폭력,여자65세이상,28
혜화 폭력,미상,0
용산 살인,남자6세이하,0
용산 살인,남자12세이하,0
용산 살인,남자15세이하,0
용산 살인,남자18세이하,0
용산 살인,남자19세,0
용산 살인,남자20세,0
용산 살인,남자30세이하,0
용산 살인,남자40세이하,0
용산 살인,남자50세이하,1
용산 살인,남자60세이하,2
용산 살인,남자64세이하,0
용산 살인,남자65세이상,0
용산 살인,미상,0
용산 살인,여자6세이하,0
용산 살인,여자12세이하,0
용산 살인,여자15세이하,0
용산 살인,여자18세이하,1
용산 살인,여자19세,0
용산 살인,여자20세,0
용산 살인,여자30세이하,0
용산 살인,여자40세이하,1
용산 살인,여자50세이하,1
용산 살인,여자60세이하,1
용산 살인,여자64세이하,0
용산 살인,여자65세이상,3
용산 살인,미상,0
용산 폭력,남자6세이하,0
용산 폭력,남자12세이하,3
용산 폭력,남자15세이하,1
용산 폭력,남자18세이하,18
용산 폭력,남자19세,9
용산 폭력,남자20세,18
용산 폭력,남자30세이하,297
용산 폭력,남자40세이하,346
용산 폭력,남자50세이하,283
용산 폭력,남자60세이하,204
용산 폭력,남자64세이하,76
용산 폭력,남자65세이상,123
용산 폭력,미상,17
용산 폭력,여자6세이하,1
용산 폭력,여자12세이하,0
용산 폭력,여자15세이하,1
용산 폭력,여자18세이하,4
용산 폭력,여자19세,3
용산 폭력,여자20세,7
용산 폭력,여자30세이하,115
용산 폭력,여자40세이하,116
용산 폭력,여자50세이하,89
용산 폭력,여자60세이하,108
용산 폭력,여자64세이하,31
용산 폭력,여자65세이상,38
용산 폭력,미상,3
성북 살인,남자6세이하,0
성북 살인,남자12세이하,0
성북 살인,남자15세이하,0
성북 살인,남자18세이하,0
성북 살인,남자19세,0
성북 살인,남자20세,0
성북 살인,남자30세이하,0
성북 살인,남자40세이하,0
성북 살인,남자50세이하,0
성북 살인,남자60세이하,1
성북 살인,남자64세이하,0
성북 살인,남자65세이상,0
성북 살인,미상,0
성북 살인,여자6세이하,0
성북 살인,여자12세이하,0
성북 살인,여자15세이하,0
성북 살인,여자18세이하,0
성북 살인,여자19세,0
성북 살인,여자20세,0
성북 살인,여자30세이하,0
성북 살인,여자40세이하,0
성북 살인,여자50세이하,0
성북 살인,여자60세이하,0
성북 살인,여자64세이하,0
성북 살인,여자65세이상,0
성북 살인,미상,0
성북 폭력,남자6세이하,0
성북 폭력,남자12세이하,2
성북 폭력,남자15세이하,12
성북 폭력,남자18세이하,11
성북 폭력,남자19세,1
성북 폭력,남자20세,4
성북 폭력,남자30세이하,68
성북 폭력,남자40세이하,58
성북 폭력,남자50세이하,60
성북 폭력,남자60세이하,50
성북 폭력,남자64세이하,33
성북 폭력,남자65세이상,39
성북 폭력,미상,1
성북 폭력,여자6세이하,2
성북 폭력,여자12세이하,1
성북 폭력,여자15세이하,0
성북 폭력,여자18세이하,5
성북 폭력,여자19세,4
성북 폭력,여자20세,3
성북 폭력,여자30세이하,43
성북 폭력,여자40세이하,38
성북 폭력,여자50세이하,40
성북 폭력,여자60세이하,54
성북 폭력,여자64세이하,29
성북 폭력,여자65세이상,26
성북 폭력,미상,0
동대문 살인,남자6세이하,0
동대문 살인,남자12세이하,0
동대문 살인,남자15세이하,0
동대문 살인,남자18세이하,0
동대문 살인,남자19세,1
동대문 살인,남자20세,0
동대문 살인,남자30세이하,0
동대문 살인,남자40세이하,0
동대문 살인,남자50세이하,1
동대문 살인,남자60세이하,1
동대문 살인,남자64세이하,0
동대문 살인,남자65세이상,1
동대문 살인,미상,0
동대문 살인,여자6세이하,0
동대문 살인,여자12세이하,0
동대문 살인,여자15세이하,0
동대문 살인,여자18세이하,0
동대문 살인,여자19세,0
동대문 살인,여자20세,0
동대문 살인,여자30세이하,1
동대문 살인,여자40세이하,0
동대문 살인,여자50세이하,0
동대문 살인,여자60세이하,1
동대문 살인,여자64세이하,0
동대문 살인,여자65세이상,1
동대문 살인,미상,0
동대문 폭력,남자6세이하,0
동대문 폭력,남자12세이하,2
동대문 폭력,남자15세이하,9
동대문 폭력,남자18세이하,28
동대문 폭력,남자19세,5
동대문 폭력,남자20세,7
동대문 폭력,남자30세이하,153
동대문 폭력,남자40세이하,153
동대문 폭력,남자50세이하,154
동대문 폭력,남자60세이하,187
동대문 폭력,남자64세이하,76
동대문 폭력,남자65세이상,176
동대문 폭력,미상,2
동대문 폭력,여자6세이하,1
동대문 폭력,여자12세이하,1
동대문 폭력,여자15세이하,7
동대문 폭력,여자18세이하,8
동대문 폭력,여자19세,3
동대문 폭력,여자20세,5
동대문 폭력,여자30세이하,97
동대문 폭력,여자40세이하,82
동대문 폭력,여자50세이하,79
동대문 폭력,여자60세이하,77
동대문 폭력,여자64세이하,42
동대문 폭력,여자65세이상,79
동대문 폭력,미상,2
마포 살인,남자6세이하,0
마포 살인,남자12세이하,0
마포 살인,남자15세이하,0
마포 살인,남자18세이하,0
마포 살인,남자19세,0
마포 살인,남자20세,0
마포 살인,남자30세이하,0
마포 살인,남자40세이하,0
마포 살인,남자50세이하,2
마포 살인,남자60세이하,0
마포 살인,남자64세이하,0
마포 살인,남자65세이상,0
마포 살인,미상,0
마포 살인,여자6세이하,0
마포 살인,여자12세이하,0
마포 살인,여자15세이하,0
마포 살인,여자18세이하,0
마포 살인,여자19세,0
마포 살인,여자20세,0
마포 살인,여자30세이하,1
마포 살인,여자40세이하,1
마포 살인,여자50세이하,0
마포 살인,여자60세이하,0
마포 살인,여자64세이하,0
마포 살인,여자65세이상,0
마포 살인,미상,0
마포 폭력,남자6세이하,3
마포 폭력,남자12세이하,3
마포 폭력,남자15세이하,20
마포 폭력,남자18세이하,33
마포 폭력,남자19세,32
마포 폭력,남자20세,35
마포 폭력,남자30세이하,425
마포 폭력,남자40세이하,259
마포 폭력,남자50세이하,150
마포 폭력,남자60세이하,145
마포 폭력,남자64세이하,65
마포 폭력,남자65세이상,104
마포 폭력,미상,9
마포 폭력,여자6세이하,0
마포 폭력,여자12세이하,4
마포 폭력,여자15세이하,9
마포 폭력,여자18세이하,15
마포 폭력,여자19세,17
마포 폭력,여자20세,22
마포 폭력,여자30세이하,176
마포 폭력,여자40세이하,115
마포 폭력,여자50세이하,86
마포 폭력,여자60세이하,68
마포 폭력,여자64세이하,29
마포 폭력,여자65세이상,51
마포 폭력,미상,8
영등포 살인,남자6세이하,0
영등포 살인,남자12세이하,0
영등포 살인,남자15세이하,0
영등포 살인,남자18세이하,0
영등포 살인,남자19세,0
영등포 살인,남자20세,0
영등포 살인,남자30세이하,0
영등포 살인,남자40세이하,2
영등포 살인,남자50세이하,2
영등포 살인,남자60세이하,1
영등포 살인,남자64세이하,1
영등포 살인,남자65세이상,0
영등포 살인,미상,0
영등포 살인,여자6세이하,0
영등포 살인,여자12세이하,0
영등포 살인,여자15세이하,0
영등포 살인,여자18세이하,0
영등포 살인,여자19세,0
영등포 살인,여자20세,0
영등포 살인,여자30세이하,0
영등포 살인,여자40세이하,1
영등포 살인,여자50세이하,0
영등포 살인,여자60세이하,1
영등포 살인,여자64세이하,3
영등포 살인,여자65세이상,0
영등포 살인,미상,0
영등포 폭력,남자6세이하,1
영등포 폭력,남자12세이하,8
영등포 폭력,남자15세이하,20
영등포 폭력,남자18세이하,28
영등포 폭력,남자19세,4
영등포 폭력,남자20세,9
영등포 폭력,남자30세이하,182
영등포 폭력,남자40세이하,284
영등포 폭력,남자50세이하,262
영등포 폭력,남자60세이하,310
영등포 폭력,남자64세이하,103
영등포 폭력,남자65세이상,199
영등포 폭력,미상,18
영등포 폭력,여자6세이하,1
영등포 폭력,여자12세이하,4
영등포 폭력,여자15세이하,4
영등포 폭력,여자18세이하,6
영등포 폭력,여자19세,1
영등포 폭력,여자20세,9
영등포 폭력,여자30세이하,117
영등포 폭력,여자40세이하,119
영등포 폭력,여자50세이하,112
영등포 폭력,여자60세이하,119
영등포 폭력,여자64세이하,43
영등포 폭력,여자65세이상,96
영등포 폭력,미상,5
성동 살인,남자6세이하,0
성동 살인,남자12세이하,0
성동 살인,남자15세이하,0
성동 살인,남자18세이하,0
성동 살인,남자19세,0
성동 살인,남자20세,0
성동 살인,남자30세이하,0
성동 살인,남자40세이하,0
성동 살인,남자50세이하,2
성동 살인,남자60세이하,0
성동 살인,남자64세이하,0
성동 살인,남자65세이상,1
성동 살인,미상,0
성동 살인,여자6세이하,0
성동 살인,여자12세이하,0
성동 살인,여자15세이하,0
성동 살인,여자18세이하,0
성동 살인,여자19세,0
성동 살인,여자20세,0
성동 살인,여자30세이하,0
성동 살인,여자40세이하,1
성동 살인,여자50세이하,0
성동 살인,여자60세이하,0
성동 살인,여자64세이하,0
성동 살인,여자65세이상,1
성동 살인,미상,0
성동 폭력,남자6세이하,0
성동 폭력,남자12세이하,1
성동 폭력,남자15세이하,3
성동 폭력,남자18세이하,9
성동 폭력,남자19세,3
성동 폭력,남자20세,3
성동 폭력,남자30세이하,131
성동 폭력,남자40세이하,129
성동 폭력,남자50세이하,131
성동 폭력,남자60세이하,125
성동 폭력,남자64세이하,49
성동 폭력,남자65세이상,95
성동 폭력,미상,2
성동 폭력,여자6세이하,0
성동 폭력,여자12세이하,0
성동 폭력,여자15세이하,5
성동 폭력,여자18세이하,3
성동 폭력,여자19세,0
성동 폭력,여자20세,4
성동 폭력,여자30세이하,66
성동 폭력,여자40세이하,53
성동 폭력,여자50세이하,56
성동 폭력,여자60세이하,64
성동 폭력,여자64세이하,21
성동 폭력,여자65세이상,48
성동 폭력,미상,0
동작 살인,남자6세이하,0
동작 살인,남자12세이하,0
동작 살인,남자15세이하,0
동작 살인,남자18세이하,0
동작 살인,남자19세,0
동작 살인,남자20세,0
동작 살인,남자30세이하,0
동작 살인,남자40세이하,0
동작 살인,남자50세이하,0
동작 살인,남자60세이하,0
동작 살인,남자64세이하,0
동작 살인,남자65세이상,0
동작 살인,미상,0
동작 살인,여자6세이하,0
동작 살인,여자12세이하,0
동작 살인,여자15세이하,0
동작 살인,여자18세이하,0
동작 살인,여자19세,0
동작 살인,여자20세,0
동작 살인,여자30세이하,0
동작 살인,여자40세이하,0
동작 살인,여자50세이하,0
동작 살인,여자60세이하,0
동작 살인,여자64세이하,1
동작 살인,여자65세이상,0
동작 살인,미상,0
동작 폭력,남자6세이하,0
동작 폭력,남자12세이하,1
동작 폭력,남자15세이하,9
동작 폭력,남자18세이하,17
동작 폭력,남자19세,12
동작 폭력,남자20세,7
동작 폭력,남자30세이하,138
동작 폭력,남자40세이하,146
동작 폭력,남자50세이하,129
동작 폭력,남자60세이하,133
동작 폭력,남자64세이하,57
동작 폭력,남자65세이상,109
동작 폭력,미상,2
동작 폭력,여자6세이하,0
동작 폭력,여자12세이하,2
동작 폭력,여자15세이하,4
동작 폭력,여자18세이하,9
동작 폭력,여자19세,4
동작 폭력,여자20세,8
동작 폭력,여자30세이하,103
동작 폭력,여자40세이하,68
동작 폭력,여자50세이하,72
동작 폭력,여자60세이하,59
동작 폭력,여자64세이하,18
동작 폭력,여자65세이상,60
동작 폭력,미상,1
광진 살인,남자6세이하,0
광진 살인,남자12세이하,0
광진 살인,남자15세이하,0
광진 살인,남자18세이하,0
광진 살인,남자19세,0
광진 살인,남자20세,0
광진 살인,남자30세이하,0
광진 살인,남자40세이하,0
광진 살인,남자50세이하,0
광진 살인,남자60세이하,0
광진 살인,남자64세이하,0
광진 살인,남자65세이상,0
광진 살인,미상,0
광진 살인,여자6세이하,0
광진 살인,여자12세이하,0
광진 살인,여자15세이하,0
광진 살인,여자18세이하,0
광진 살인,여자19세,0
광진 살인,여자20세,1
광진 살인,여자30세이하,0
광진 살인,여자40세이하,0
광진 살인,여자50세이하,0
광진 살인,여자60세이하,1
광진 살인,여자64세이하,0
광진 살인,여자65세이상,0
광진 살인,미상,0
광진 폭력,남자6세이하,0
광진 폭력,남자12세이하,4
광진 폭력,남자15세이하,19
광진 폭력,남자18세이하,28
광진 폭력,남자19세,12
광진 폭력,남자20세,11
광진 폭력,남자30세이하,171
광진 폭력,남자40세이하,171
광진 폭력,남자50세이하,130
광진 폭력,남자60세이하,135
광진 폭력,남자64세이하,59
광진 폭력,남자65세이상,95
광진 폭력,미상,5
광진 폭력,여자6세이하,0
광진 폭력,여자12세이하,4
광진 폭력,여자15세이하,7
광진 폭력,여자18세이하,12
광진 폭력,여자19세,8
광진 폭력,여자20세,9
광진 폭력,여자30세이하,122
광진 폭력,여자40세이하,74
광진 폭력,여자50세이하,67
광진 폭력,여자60세이하,78
광진 폭력,여자64세이하,29
광진 폭력,여자65세이상,44
광진 폭력,미상,2
서부 살인,남자6세이하,0
서부 살인,남자12세이하,0
서부 살인,남자15세이하,0
서부 살인,남자18세이하,0
서부 살인,남자19세,0
서부 살인,남자20세,0
서부 살인,남자30세이하,0
서부 살인,남자40세이하,0
서부 살인,남자50세이하,1
서부 살인,남자60세이하,0
서부 살인,남자64세이하,0
서부 살인,남자65세이상,1
서부 살인,미상,0
서부 살인,여자6세이하,0
서부 살인,여자12세이하,0
서부 살인,여자15세이하,0
서부 살인,여자18세이하,0
서부 살인,여자19세,0
서부 살인,여자20세,0
서부 살인,여자30세이하,0
서부 살인,여자40세이하,1
서부 살인,여자50세이하,0
서부 살인,여자60세이하,0
서부 살인,여자64세이하,1
서부 살인,여자65세이상,0
서부 살인,미상,0
서부 폭력,남자6세이하,2
서부 폭력,남자12세이하,5
서부 폭력,남자15세이하,14
서부 폭력,남자18세이하,14
서부 폭력,남자19세,4
서부 폭력,남자20세,4
서부 폭력,남자30세이하,79
서부 폭력,남자40세이하,95
서부 폭력,남자50세이하,81
서부 폭력,남자60세이하,72
서부 폭력,남자64세이하,38
서부 폭력,남자65세이상,58
서부 폭력,미상,1
서부 폭력,여자6세이하,4
서부 폭력,여자12세이하,2
서부 폭력,여자15세이하,3
서부 폭력,여자18세이하,4
서부 폭력,여자19세,2
서부 폭력,여자20세,4
서부 폭력,여자30세이하,36
서부 폭력,여자40세이하,48
서부 폭력,여자50세이하,66
서부 폭력,여자60세이하,52
서부 폭력,여자64세이하,23
서부 폭력,여자65세이상,42
서부 폭력,미상,1
강북 살인,남자6세이하,0
강북 살인,남자12세이하,0
강북 살인,남자15세이하,0
강북 살인,남자18세이하,0
강북 살인,남자19세,0
강북 살인,남자20세,0
강북 살인,남자30세이하,1
강북 살인,남자40세이하,1
강북 살인,남자50세이하,0
강북 살인,남자60세이하,1
강북 살인,남자64세이하,0
강북 살인,남자65세이상,0
강북 살인,미상,0
강북 살인,여자6세이하,0
강북 살인,여자12세이하,0
강북 살인,여자15세이하,0
강북 살인,여자18세이하,0
강북 살인,여자19세,0
강북 살인,여자20세,0
강북 살인,여자30세이하,1
강북 살인,여자40세이하,1
강북 살인,여자50세이하,0
강북 살인,여자60세이하,0
강북 살인,여자64세이하,0
강북 살인,여자65세이상,1
강북 살인,미상,0
강북 폭력,남자6세이하,2
강북 폭력,남자12세이하,6
강북 폭력,남자15세이하,18
강북 폭력,남자18세이하,25
강북 폭력,남자19세,10
강북 폭력,남자20세,10
강북 폭력,남자30세이하,158
강북 폭력,남자40세이하,107
강북 폭력,남자50세이하,114
강북 폭력,남자60세이하,133
강북 폭력,남자64세이하,46
강북 폭력,남자65세이상,83
강북 폭력,미상,1
강북 폭력,여자6세이하,3
강북 폭력,여자12세이하,2
강북 폭력,여자15세이하,5
강북 폭력,여자18세이하,7
강북 폭력,여자19세,7
강북 폭력,여자20세,4
강북 폭력,여자30세이하,72
강북 폭력,여자40세이하,65
강북 폭력,여자50세이하,92
강북 폭력,여자60세이하,77
강북 폭력,여자64세이하,33
강북 폭력,여자65세이상,75
강북 폭력,미상,0
금천 살인,남자6세이하,0
금천 살인,남자12세이하,0
금천 살인,남자15세이하,0
금천 살인,남자18세이하,0
금천 살인,남자19세,0
금천 살인,남자20세,0
금천 살인,남자30세이하,0
금천 살인,남자40세이하,2
금천 살인,남자50세이하,0
금천 살인,남자60세이하,1
금천 살인,남자64세이하,1
금천 살인,남자65세이상,1
금천 살인,미상,0
금천 살인,여자6세이하,0
금천 살인,여자12세이하,0
금천 살인,여자15세이하,0
금천 살인,여자18세이하,0
금천 살인,여자19세,0
금천 살인,여자20세,0
금천 살인,여자30세이하,0
금천 살인,여자40세이하,1
금천 살인,여자50세이하,0
금천 살인,여자60세이하,0
금천 살인,여자64세이하,0
금천 살인,여자65세이상,1
금천 살인,미상,0
금천 폭력,남자6세이하,0
금천 폭력,남자12세이하,2
금천 폭력,남자15세이하,6
금천 폭력,남자18세이하,9
금천 폭력,남자19세,5
금천 폭력,남자20세,5
금천 폭력,남자30세이하,88
금천 폭력,남자40세이하,145
금천 폭력,남자50세이하,109
금천 폭력,남자60세이하,154
금천 폭력,남자64세이하,46
금천 폭력,남자65세이상,75
금천 폭력,미상,4
금천 폭력,여자6세이하,0
금천 폭력,여자12세이하,1
금천 폭력,여자15세이하,3
금천 폭력,여자18세이하,9
금천 폭력,여자19세,4
금천 폭력,여자20세,1
금천 폭력,여자30세이하,65
금천 폭력,여자40세이하,59
금천 폭력,여자50세이하,55
금천 폭력,여자60세이하,76
금천 폭력,여자64세이하,21
금천 폭력,여자65세이상,35
금천 폭력,미상,3
중랑 살인,남자6세이하,0
중랑 살인,남자12세이하,0
중랑 살인,남자15세이하,0
중랑 살인,남자18세이하,0
중랑 살인,남자19세,0
중랑 살인,남자20세,0
중랑 살인,남자30세이하,1
중랑 살인,남자40세이하,0
중랑 살인,남자50세이하,0
중랑 살인,남자60세이하,0
중랑 살인,남자64세이하,0
중랑 살인,남자65세이상,2
중랑 살인,미상,0
중랑 살인,여자6세이하,0
중랑 살인,여자12세이하,0
중랑 살인,여자15세이하,0
중랑 살인,여자18세이하,0
중랑 살인,여자19세,0
중랑 살인,여자20세,0
중랑 살인,여자30세이하,0
중랑 살인,여자40세이하,0
중랑 살인,여자50세이하,0
중랑 살인,여자60세이하,0
중랑 살인,여자64세이하,0
중랑 살인,여자65세이상,2
중랑 살인,미상,0
중랑 폭력,남자6세이하,1
중랑 폭력,남자12세이하,1
중랑 폭력,남자15세이하,10
중랑 폭력,남자18세이하,21
중랑 폭력,남자19세,9
중랑 폭력,남자20세,7
중랑 폭력,남자30세이하,191
중랑 폭력,남자40세이하,189
중랑 폭력,남자50세이하,179
중랑 폭력,남자60세이하,187
중랑 폭력,남자64세이하,61
중랑 폭력,남자65세이상,125
중랑 폭력,미상,0
중랑 폭력,여자6세이하,0
중랑 폭력,여자12세이하,5
중랑 폭력,여자15세이하,5
중랑 폭력,여자18세이하,8
중랑 폭력,여자19세,2
중랑 폭력,여자20세,5
중랑 폭력,여자30세이하,107
중랑 폭력,여자40세이하,96
중랑 폭력,여자50세이하,109
중랑 폭력,여자60세이하,109
중랑 폭력,여자64세이하,50
중랑 폭력,여자65세이상,78
중랑 폭력,미상,3
강남 살인 ,남자6세이하,0
강남 살인 ,남자12세이하,0
강남 살인 ,남자15세이하,0
강남 살인 ,남자18세이하,0
강남 살인 ,남자19세,0
강남 살인 ,남자20세,0
강남 살인 ,남자30세이하,2
강남 살인 ,남자40세이하,2
강남 살인 ,남자50세이하,1
강남 살인 ,남자60세이하,0
강남 살인 ,남자64세이하,0
강남 살인 ,남자65세이상,0
강남 살인 ,미상,0
강남 살인 ,여자6세이하,0
강남 살인 ,여자12세이하,0
강남 살인 ,여자15세이하,0
강남 살인 ,여자18세이하,0
강남 살인 ,여자19세,0
강남 살인 ,여자20세,0
강남 살인 ,여자30세이하,2
강남 살인 ,여자40세이하,1
강남 살인 ,여자50세이하,0
강남 살인 ,여자60세이하,0
강남 살인 ,여자64세이하,0
강남 살인 ,여자65세이상,0
강남 살인 ,미상,0
강남 폭력,남자6세이하,6
강남 폭력,남자12세이하,1
강남 폭력,남자15세이하,6
강남 폭력,남자18세이하,17
강남 폭력,남자19세,9
강남 폭력,남자20세,15
강남 폭력,남자30세이하,323
강남 폭력,남자40세이하,362
강남 폭력,남자50세이하,250
강남 폭력,남자60세이하,155
강남 폭력,남자64세이하,59
강남 폭력,남자65세이상,89
강남 폭력,미상,25
강남 폭력,여자6세이하,0
강남 폭력,여자12세이하,3
강남 폭력,여자15세이하,5
강남 폭력,여자18세이하,4
강남 폭력,여자19세,7
강남 폭력,여자20세,13
강남 폭력,여자30세이하,256
강남 폭력,여자40세이하,208
강남 폭력,여자50세이하,106
강남 폭력,여자60세이하,73
강남 폭력,여자64세이하,12
강남 폭력,여자65세이상,38
강남 폭력,미상,5
관악 살인,남자6세이하,0
관악 살인,남자12세이하,0
관악 살인,남자15세이하,0
관악 살인,남자18세이하,0
관악 살인,남자19세,0
관악 살인,남자20세,0
관악 살인,남자30세이하,0
관악 살인,남자40세이하,0
관악 살인,남자50세이하,0
관악 살인,남자60세이하,0
관악 살인,남자64세이하,0
관악 살인,남자65세이상,1
관악 살인,미상,0
관악 살인,여자6세이하,0
관악 살인,여자12세이하,0
관악 살인,여자15세이하,0
관악 살인,여자18세이하,0
관악 살인,여자19세,0
관악 살인,여자20세,0
관악 살인,여자30세이하,1
관악 살인,여자40세이하,1
관악 살인,여자50세이하,0
관악 살인,여자60세이하,1
관악 살인,여자64세이하,0
관악 살인,여자65세이상,0
관악 살인,미상,0
관악 폭력,남자6세이하,1
관악 폭력,남자12세이하,5
관악 폭력,남자15세이하,13
관악 폭력,남자18세이하,25
관악 폭력,남자19세,15
관악 폭력,남자20세,13
관악 폭력,남자30세이하,346
관악 폭력,남자40세이하,328
관악 폭력,남자50세이하,209
관악 폭력,남자60세이하,173
관악 폭력,남자64세이하,69
관악 폭력,남자65세이상,156
관악 폭력,미상,5
관악 폭력,여자6세이하,0
관악 폭력,여자12세이하,2
관악 폭력,여자15세이하,6
관악 폭력,여자18세이하,14
관악 폭력,여자19세,10
관악 폭력,여자20세,11
관악 폭력,여자30세이하,230
관악 폭력,여자40세이하,119
관악 폭력,여자50세이하,131
관악 폭력,여자60세이하,117
관악 폭력,여자64세이하,29
관악 폭력,여자65세이상,95
관악 폭력,미상,1
강서 살인,남자6세이하,0
강서 살인,남자12세이하,0
강서 살인,남자15세이하,0
강서 살인,남자18세이하,0
강서 살인,남자19세,0
강서 살인,남자20세,0
강서 살인,남자30세이하,0
강서 살인,남자40세이하,0
강서 살인,남자50세이하,1
강서 살인,남자60세이하,0
강서 살인,남자64세이하,1
강서 살인,남자65세이상,1
강서 살인,미상,0
강서 살인,여자6세이하,0
강서 살인,여자12세이하,0
강서 살인,여자15세이하,0
강서 살인,여자18세이하,0
강서 살인,여자19세,0
강서 살인,여자20세,0
강서 살인,여자30세이하,0
강서 살인,여자40세이하,1
강서 살인,여자50세이하,0
강서 살인,여자60세이하,1
강서 살인,여자64세이하,0
강서 살인,여자65세이상,0
강서 살인,미상,0
강서 폭력,남자6세이하,4
강서 폭력,남자12세이하,3
강서 폭력,남자15세이하,18
강서 폭력,남자18세이하,24
강서 폭력,남자19세,8
강서 폭력,남자20세,16
강서 폭력,남자30세이하,223
강서 폭력,남자40세이하,249
강서 폭력,남자50세이하,245
강서 폭력,남자60세이하,172
강서 폭력,남자64세이하,68
강서 폭력,남자65세이상,142
강서 폭력,미상,4
강서 폭력,여자6세이하,1
강서 폭력,여자12세이하,6
강서 폭력,여자15세이하,13
강서 폭력,여자18세이하,18
강서 폭력,여자19세,7
강서 폭력,여자20세,7
강서 폭력,여자30세이하,164
강서 폭력,여자40세이하,165
강서 폭력,여자50세이하,171
강서 폭력,여자60세이하,126
강서 폭력,여자64세이하,48
강서 폭력,여자65세이상,103
강서 폭력,미상,3
강동 살인,남자6세이하,0
강동 살인,남자12세이하,0
강동 살인,남자15세이하,0
강동 살인,남자18세이하,0
강동 살인,남자19세,0
강동 살인,남자20세,0
강동 살인,남자30세이하,0
강동 살인,남자40세이하,0
강동 살인,남자50세이하,0
강동 살인,남자60세이하,1
강동 살인,남자64세이하,1
강동 살인,남자65세이상,0
강동 살인,미상,0
강동 살인,여자6세이하,0
강동 살인,여자12세이하,0
강동 살인,여자15세이하,0
강동 살인,여자18세이하,0
강동 살인,여자19세,0
강동 살인,여자20세,0
강동 살인,여자30세이하,0
강동 살인,여자40세이하,0
강동 살인,여자50세이하,0
강동 살인,여자60세이하,0
강동 살인,여자64세이하,0
강동 살인,여자65세이상,1
강동 살인,미상,
강동 폭력,남자6세이하,4
강동 폭력,남자12세이하,8
강동 폭력,남자15세이하,24
강동 폭력,남자18세이하,34
강동 폭력,남자19세,9
강동 폭력,남자20세,5
강동 폭력,남자30세이하,138
강동 폭력,남자40세이하,177
강동 폭력,남자50세이하,177
강동 폭력,남자60세이하,166
강동 폭력,남자64세이하,53
강동 폭력,남자65세이상,115
강동 폭력,미상,4
강동 폭력,여자6세이하,1
강동 폭력,여자12세이하,8
강동 폭력,여자15세이하,9
강동 폭력,여자18세이하,9
강동 폭력,여자19세,4
강동 폭력,여자20세,5
강동 폭력,여자30세이하,90
강동 폭력,여자40세이하,102
강동 폭력,여자50세이하,134
강동 폭력,여자60세이하,91
강동 폭력,여자64세이하,57
강동 폭력,여자65세이상,69
강동 폭력,미상,4
종암 살인,남자6세이하,1
종암 살인,남자12세이하,0
종암 살인,남자15세이하,0
종암 살인,남자18세이하,0
종암 살인,남자19세,0
종암 살인,남자20세,0
종암 살인,남자30세이하,0
종암 살인,남자40세이하,0
종암 살인,남자50세이하,0
종암 살인,남자60세이하,0
종암 살인,남자64세이하,0
종암 살인,남자65세이상,0
종암 살인,미상,0
종암 살인,여자6세이하,0
종암 살인,여자12세이하,0
종암 살인,여자15세이하,0
종암 살인,여자18세이하,0
종암 살인,여자19세,0
종암 살인,여자20세,0
종암 살인,여자30세이하,0
종암 살인,여자40세이하,1
종암 살인,여자50세이하,0
종암 살인,여자60세이하,0
종암 살인,여자64세이하,0
종암 살인,여자65세이상,0
종암 살인,미상,0
종암 폭력,남자6세이하,0
종암 폭력,남자12세이하,2
종암 폭력,남자15세이하,6
종암 폭력,남자18세이하,4
종암 폭력,남자19세,5
종암 폭력,남자20세,7
종암 폭력,남자30세이하,37
종암 폭력,남자40세이하,44
종암 폭력,남자50세이하,73
종암 폭력,남자60세이하,67
종암 폭력,남자64세이하,27
종암 폭력,남자65세이상,49
종암 폭력,미상,1
종암 폭력,여자6세이하,0
종암 폭력,여자12세이하,0
종암 폭력,여자15세이하,4
종암 폭력,여자18세이하,1
종암 폭력,여자19세,2
종암 폭력,여자20세,6
종암 폭력,여자30세이하,31
종암 폭력,여자40세이하,34
종암 폭력,여자50세이하,39
종암 폭력,여자60세이하,45
종암 폭력,여자64세이하,26
종암 폭력,여자65세이상,37
종암 폭력,미상,0
구로 살인,남자6세이하,0
구로 살인,남자12세이하,0
구로 살인,남자15세이하,0
구로 살인,남자18세이하,0
구로 살인,남자19세,0
구로 살인,남자20세,0
구로 살인,남자30세이하,1
구로 살인,남자40세이하,1
구로 살인,남자50세이하,2
구로 살인,남자60세이하,1
구로 살인,남자64세이하,0
구로 살인,남자65세이상,0
구로 살인,미상,0
구로 살인,여자6세이하,0
구로 살인,여자12세이하,0
구로 살인,여자15세이하,0
구로 살인,여자18세이하,0
구로 살인,여자19세,0
구로 살인,여자20세,0
구로 살인,여자30세이하,0
구로 살인,여자40세이하,0
구로 살인,여자50세이하,0
구로 살인,여자60세이하,0
구로 살인,여자64세이하,1
구로 살인,여자65세이상,1
구로 살인,미상,0
구로 폭력,남자6세이하,1
구로 폭력,남자12세이하,11
구로 폭력,남자15세이하,8
구로 폭력,남자18세이하,26
구로 폭력,남자19세,11
구로 폭력,남자20세,6
구로 폭력,남자30세이하,152
구로 폭력,남자40세이하,190
구로 폭력,남자50세이하,204
구로 폭력,남자60세이하,203
구로 폭력,남자64세이하,64
구로 폭력,남자65세이상,145
구로 폭력,미상,6
구로 폭력,여자6세이하,1
구로 폭력,여자12세이하,1
구로 폭력,여자15세이하,3
구로 폭력,여자18세이하,9
구로 폭력,여자19세,7
구로 폭력,여자20세,6
구로 폭력,여자30세이하,85
구로 폭력,여자40세이하,109
구로 폭력,여자50세이하,109
구로 폭력,여자60세이하,122
구로 폭력,여자64세이하,36
구로 폭력,여자65세이상,67
구로 폭력,미상,2
서초 살인,남자6세이하,0
서초 살인,남자12세이하,0
서초 살인,남자15세이하,0
서초 살인,남자18세이하,2
서초 살인,남자19세,0
서초 살인,남자20세,0
서초 살인,남자30세이하,0
서초 살인,남자40세이하,0
서초 살인,남자50세이하,3
서초 살인,남자60세이하,2
서초 살인,남자64세이하,0
서초 살인,남자65세이상,0
서초 살인,미상,0
서초 살인,여자6세이하,0
서초 살인,여자12세이하,0
서초 살인,여자15세이하,0
서초 살인,여자18세이하,0
서초 살인,여자19세,0
서초 살인,여자20세,0
서초 살인,여자30세이하,1
서초 살인,여자40세이하,0
서초 살인,여자50세이하,0
서초 살인,여자60세이하,0
서초 살인,여자64세이하,0
서초 살인,여자65세이상,1
서초 살인,미상,0
서초 폭력,남자6세이하,0
서초 폭력,남자12세이하,5
서초 폭력,남자15세이하,12
서초 폭력,남자18세이하,17
서초 폭력,남자19세,6
서초 폭력,남자20세,12
서초 폭력,남자30세이하,200
서초 폭력,남자40세이하,236
서초 폭력,남자50세이하,169
서초 폭력,남자60세이하,136
서초 폭력,남자64세이하,54
서초 폭력,남자65세이상,101
서초 폭력,미상,22
서초 폭력,여자6세이하,2
서초 폭력,여자12세이하,0
서초 폭력,여자15세이하,5
서초 폭력,여자18세이하,5
서초 폭력,여자19세,6
서초 폭력,여자20세,8
서초 폭력,여자30세이하,125
서초 폭력,여자40세이하,96
서초 폭력,여자50세이하,79
서초 폭력,여자60세이하,51
서초 폭력,여자64세이하,25
서초 폭력,여자65세이상,49
서초 폭력,미상,6
양천 살인 ,남자6세이하,0
양천 살인 ,남자12세이하,0
양천 살인 ,남자15세이하,0
양천 살인 ,남자18세이하,0
양천 살인 ,남자19세,0
양천 살인 ,남자20세,0
양천 살인 ,남자30세이하,0
양천 살인 ,남자40세이하,0
양천 살인 ,남자50세이하,1
양천 살인 ,남자60세이하,0
양천 살인 ,남자64세이하,0
양천 살인 ,남자65세이상,0
양천 살인 ,미상,0
양천 살인 ,여자6세이하,0
양천 살인 ,여자12세이하,0
양천 살인 ,여자15세이하,0
양천 살인 ,여자18세이하,0
양천 살인 ,여자19세,0
양천 살인 ,여자20세,0
양천 살인 ,여자30세이하,0
양천 살인 ,여자40세이하,0
양천 살인 ,여자50세이하,0
양천 살인 ,여자60세이하,0
양천 살인 ,여자64세이하,0
양천 살인 ,여자65세이상,3
양천 살인 ,미상,0
양천 폭력,남자6세이하,2
양천 폭력,남자12세이하,11
양천 폭력,남자15세이하,37
양천 폭력,남자18세이하,35
양천 폭력,남자19세,10
양천 폭력,남자20세,5
양천 폭력,남자30세이하,127
양천 폭력,남자40세이하,121
양천 폭력,남자50세이하,147
양천 폭력,남자60세이하,158
양천 폭력,남자64세이하,63
양천 폭력,남자65세이상,111
양천 폭력,미상,5
양천 폭력,여자6세이하,1
양천 폭력,여자12세이하,4
양천 폭력,여자15세이하,16
양천 폭력,여자18세이하,7
양천 폭력,여자19세,5
양천 폭력,여자20세,3
양천 폭력,여자30세이하,88
양천 폭력,여자40세이하,91
양천 폭력,여자50세이하,127
양천 폭력,여자60세이하,85
양천 폭력,여자64세이하,27
양천 폭력,여자65세이상,64
양천 폭력,미상,2
송파 살인,남자6세이하,0
송파 살인,남자12세이하,0
송파 살인,남자15세이하,0
송파 살인,남자18세이하,0
송파 살인,남자19세,0
송파 살인,남자20세,0
송파 살인,남자30세이하,0
송파 살인,남자40세이하,1
송파 살인,남자50세이하,0
송파 살인,남자60세이하,0
송파 살인,남자64세이하,0
송파 살인,남자65세이상,1
송파 살인,미상,0
송파 살인,여자6세이하,0
송파 살인,여자12세이하,0
송파 살인,여자15세이하,0
송파 살인,여자18세이하,0
송파 살인,여자19세,0
송파 살인,여자20세,0
송파 살인,여자30세이하,0
송파 살인,여자40세이하,2
송파 살인,여자50세이하,0
송파 살인,여자60세이하,0
송파 살인,여자64세이하,0
송파 살인,여자65세이상,2
송파 살인,미상,0
송파 폭력,남자6세이하,1
송파 폭력,남자12세이하,7
송파 폭력,남자15세이하,46
송파 폭력,남자18세이하,46
송파 폭력,남자19세,8
송파 폭력,남자20세,11
송파 폭력,남자30세이하,272
송파 폭력,남자40세이하,326
송파 폭력,남자50세이하,270
송파 폭력,남자60세이하,252
송파 폭력,남자64세이하,70
송파 폭력,남자65세이상,147
송파 폭력,미상,4
송파 폭력,여자6세이하,2
송파 폭력,여자12세이하,0
송파 폭력,여자15세이하,16
송파 폭력,여자18세이하,15
송파 폭력,여자19세,8
송파 폭력,여자20세,10
송파 폭력,여자30세이하,174
송파 폭력,여자40세이하,174
송파 폭력,여자50세이하,148
송파 폭력,여자60세이하,150
송파 폭력,여자64세이하,38
송파 폭력,여자65세이상,82
송파 폭력,미상,4
노원 살인,남자6세이하,0
노원 살인,남자12세이하,0
노원 살인,남자15세이하,0
노원 살인,남자18세이하,0
노원 살인,남자19세,0
노원 살인,남자20세,0
노원 살인,남자30세이하,0
노원 살인,남자40세이하,0
노원 살인,남자50세이하,1
노원 살인,남자60세이하,1
노원 살인,남자64세이하,1
노원 살인,남자65세이상,0
노원 살인,미상,0
노원 살인,여자6세이하,0
노원 살인,여자12세이하,0
노원 살인,여자15세이하,0
노원 살인,여자18세이하,0
노원 살인,여자19세,0
노원 살인,여자20세,0
노원 살인,여자30세이하,0
노원 살인,여자40세이하,1
노원 살인,여자50세이하,0
노원 살인,여자60세이하,1
노원 살인,여자64세이하,1
노원 살인,여자65세이상,1
노원 살인,미상,0
노원 폭력,남자6세이하,0
노원 폭력,남자12세이하,3
노원 폭력,남자15세이하,28
노원 폭력,남자18세이하,32
노원 폭력,남자19세,21
노원 폭력,남자20세,3
노원 폭력,남자30세이하,144
노원 폭력,남자40세이하,154
노원 폭력,남자50세이하,147
노원 폭력,남자60세이하,141
노원 폭력,남자64세이하,70
노원 폭력,남자65세이상,141
노원 폭력,미상,2
노원 폭력,여자6세이하,1
노원 폭력,여자12세이하,6
노원 폭력,여자15세이하,17
노원 폭력,여자18세이하,15
노원 폭력,여자19세,6
노원 폭력,여자20세,9
노원 폭력,여자30세이하,87
노원 폭력,여자40세이하,68
노원 폭력,여자50세이하,98
노원 폭력,여자60세이하,103
노원 폭력,여자64세이하,40
노원 폭력,여자65세이상,86
노원 폭력,미상,3
방배 살인,남자6세이하,0
방배 살인,남자12세이하,0
방배 살인,남자15세이하,0
방배 살인,남자18세이하,0
방배 살인,남자19세,0
방배 살인,남자20세,0
방배 살인,남자30세이하,0
방배 살인,남자40세이하,0
방배 살인,남자50세이하,0
방배 살인,남자60세이하,1
방배 살인,남자64세이하,0
방배 살인,남자65세이상,0
방배 살인,미상,0
방배 살인,여자6세이하,0
방배 살인,여자12세이하,0
방배 살인,여자15세이하,0
방배 살인,여자18세이하,0
방배 살인,여자19세,0
방배 살인,여자20세,0
방배 살인,여자30세이하,0
방배 살인,여자40세이하,0
방배 살인,여자50세이하,0
방배 살인,여자60세이하,0
방배 살인,여자64세이하,0
방배 살인,여자65세이상,0
방배 살인,미상,0
방배 폭력,남자6세이하,0
방배 폭력,남자12세이하,1
방배 폭력,남자15세이하,6
방배 폭력,남자18세이하,4
방배 폭력,남자19세,0
방배 폭력,남자20세,1
방배 폭력,남자30세이하,30
방배 폭력,남자40세이하,39
방배 폭력,남자50세이하,54
방배 폭력,남자60세이하,38
방배 폭력,남자64세이하,11
방배 폭력,남자65세이상,25
방배 폭력,미상,0
방배 폭력,여자6세이하,0
방배 폭력,여자12세이하,1
방배 폭력,여자15세이하,2
방배 폭력,여자18세이하,3
방배 폭력,여자19세,1
방배 폭력,여자20세,2
방배 폭력,여자30세이하,23
방배 폭력,여자40세이하,31
방배 폭력,여자50세이하,33
방배 폭력,여자60세이하,35
방배 폭력,여자64세이하,7
방배 폭력,여자65세이상,28
방배 폭력,미상,1
은평 살인,남자6세이하,0
은평 살인,남자12세이하,0
은평 살인,남자15세이하,0
은평 살인,남자18세이하,0
은평 살인,남자19세,0
은평 살인,남자20세,0
은평 살인,남자30세이하,0
은평 살인,남자40세이하,0
은평 살인,남자50세이하,0
은평 살인,남자60세이하,1
은평 살인,남자64세이하,0
은평 살인,남자65세이상,0
은평 살인,미상,0
은평 살인,여자6세이하,0
은평 살인,여자12세이하,0
은평 살인,여자15세이하,0
은평 살인,여자18세이하,0
은평 살인,여자19세,0
은평 살인,여자20세,0
은평 살인,여자30세이하,2
은평 살인,여자40세이하,1
은평 살인,여자50세이하,1
은평 살인,여자60세이하,0
은평 살인,여자64세이하,0
은평 살인,여자65세이상,0
은평 살인,미상,0
은평 폭력,남자6세이하,1
은평 폭력,남자12세이하,2
은평 폭력,남자15세이하,16
은평 폭력,남자18세이하,22
은평 폭력,남자19세,3
은평 폭력,남자20세,4
은평 폭력,남자30세이하,103
은평 폭력,남자40세이하,97
은평 폭력,남자50세이하,92
은평 폭력,남자60세이하,71
은평 폭력,남자64세이하,35
은평 폭력,남자65세이상,50
은평 폭력,미상,2
은평 폭력,여자6세이하,0
은평 폭력,여자12세이하,0
은평 폭력,여자15세이하,3
은평 폭력,여자18세이하,9
은평 폭력,여자19세,3
은평 폭력,여자20세,4
은평 폭력,여자30세이하,50
은평 폭력,여자40세이하,43
은평 폭력,여자50세이하,50
은평 폭력,여자60세이하,68
은평 폭력,여자64세이하,13
은평 폭력,여자65세이상,45
은평 폭력,미상,0
도봉 살인,남자6세이하,0
도봉 살인,남자12세이하,0
도봉 살인,남자15세이하,0
도봉 살인,남자18세이하,0
도봉 살인,남자19세,0
도봉 살인,남자20세,0
도봉 살인,남자30세이하,0
도봉 살인,남자40세이하,0
도봉 살인,남자50세이하,0
도봉 살인,남자60세이하,4
도봉 살인,남자64세이하,3
도봉 살인,남자65세이상,0
도봉 살인,미상,0
도봉 살인,여자6세이하,0
도봉 살인,여자12세이하,0
도봉 살인,여자15세이하,0
도봉 살인,여자18세이하,0
도봉 살인,여자19세,0
도봉 살인,여자20세,0
도봉 살인,여자30세이하,0
도봉 살인,여자40세이하,0
도봉 살인,여자50세이하,0
도봉 살인,여자60세이하,0
도봉 살인,여자64세이하,0
도봉 살인,여자65세이상,0
도봉 살인,미상,0
도봉 폭력,남자6세이하,0
도봉 폭력,남자12세이하,5
도봉 폭력,남자15세이하,12
도봉 폭력,남자18세이하,22
도봉 폭력,남자19세,5
도봉 폭력,남자20세,5
도봉 폭력,남자30세이하,68
도봉 폭력,남자40세이하,79
도봉 폭력,남자50세이하,101
도봉 폭력,남자60세이하,93
도봉 폭력,남자64세이하,46
도봉 폭력,남자65세이상,71
도봉 폭력,미상,0
도봉 폭력,여자6세이하,2
도봉 폭력,여자12세이하,3
도봉 폭력,여자15세이하,3
도봉 폭력,여자18세이하,9
도봉 폭력,여자19세,3
도봉 폭력,여자20세,3
도봉 폭력,여자30세이하,46
도봉 폭력,여자40세이하,58
도봉 폭력,여자50세이하,72
도봉 폭력,여자60세이하,69
도봉 폭력,여자64세이하,30
도봉 폭력,여자65세이상,46
도봉 폭력,미상,0
수서 살인,남자6세이하,0
수서 살인,남자12세이하,0
수서 살인,남자15세이하,0
수서 살인,남자18세이하,0
수서 살인,남자19세,0
수서 살인,남자20세,0
수서 살인,남자30세이하,0
수서 살인,남자40세이하,3
수서 살인,남자50세이하,0
수서 살인,남자60세이하,1
수서 살인,남자64세이하,0
수서 살인,남자65세이상,0
수서 살인,미상,0
수서 살인,여자6세이하,0
수서 살인,여자12세이하,0
수서 살인,여자15세이하,0
수서 살인,여자18세이하,0
수서 살인,여자19세,0
수서 살인,여자20세,0
수서 살인,여자30세이하,1
수서 살인,여자40세이하,1
수서 살인,여자50세이하,0
수서 살인,여자60세이하,1
수서 살인,여자64세이하,1
수서 살인,여자65세이상,0
수서 살인,미상,0
수서 폭력,남자6세이하,1
수서 폭력,남자12세이하,1
수서 폭력,남자15세이하,21
수서 폭력,남자18세이하,27
수서 폭력,남자19세,7
수서 폭력,남자20세,3
수서 폭력,남자30세이하,106
수서 폭력,남자40세이하,173
수서 폭력,남자50세이하,173
수서 폭력,남자60세이하,129
수서 폭력,남자64세이하,47
수서 폭력,남자65세이상,88
수서 폭력,미상,13
수서 폭력,여자6세이하,1
수서 폭력,여자12세이하,2
수서 폭력,여자15세이하,12
수서 폭력,여자18세이하,9
수서 폭력,여자19세,1
수서 폭력,여자20세,4
수서 폭력,여자30세이하,83
수서 폭력,여자40세이하,84
수서 폭력,여자50세이하,94
수서 폭력,여자60세이하,57
수서 폭력,여자64세이하,19
수서 폭력,여자65세이상,51
수서 폭력,미상,4
